,Precision,Recall,FScore
0,0.9166666666666666,0.3402061855670103,0.4962406015037594
1,0.5652173913043478,0.5571428571428572,0.5611510791366906
